x-axis,1
second,Volt
+7.97500000E+00,-57.78894E-03
+7.97502500E+00,-21.35678E-03
+7.97505000E+00,-20.10050E-03
+7.97507500E+00,-40.20100E-03
+7.97510000E+00,-40.20100E-03
+7.97512500E+00,-20.10050E-03
+7.97515000E+00,-40.20100E-03
+7.97517500E+00,-37.68844E-03
+7.97520000E+00,-40.20100E-03
+7.97522500E+00,-40.20100E-03
+7.97525000E+00,-41.45729E-03
+7.97527500E+00,-37.68844E-03
+7.97530000E+00,-40.20100E-03
+7.97532500E+00,-57.78894E-03
+7.97535000E+00,-40.20100E-03
+7.97537500E+00,-21.35678E-03
+7.97540000E+00,-21.35678E-03
+7.97542500E+00,-37.68844E-03
+7.97545000E+00,-37.68844E-03
+7.97547500E+00,-40.20100E-03
+7.97550000E+00,-21.35678E-03
+7.97552500E+00,-21.35678E-03
+7.97555000E+00,-21.35678E-03
+7.97557500E+00,-21.35678E-03
+7.97560000E+00,-20.10050E-03
+7.97562500E+00,-40.20100E-03
+7.97565000E+00,-20.10050E-03
+7.97567500E+00,-21.35678E-03
+7.97570000E+00,-40.20100E-03
+7.97572500E+00,-20.10050E-03
+7.97575000E+00,-21.35678E-03
+7.97577500E+00,-20.10050E-03
+7.97580000E+00,-40.20100E-03
+7.97582500E+00,-37.68844E-03
+7.97585000E+00,-40.20100E-03
+7.97587500E+00,-21.35678E-03
+7.97590000E+00,-21.35678E-03
+7.97592500E+00,-56.53266E-03
+7.97595000E+00,-20.10050E-03
+7.97597500E+00,-37.68844E-03
+7.97600000E+00,-40.20100E-03
+7.97602500E+00,-20.10050E-03
+7.97605000E+00,-37.68844E-03
+7.97607500E+00,-40.20100E-03
+7.97610000E+00,-40.20100E-03
+7.97612500E+00,-40.20100E-03
+7.97615000E+00,-20.10050E-03
+7.97617500E+00,-40.20100E-03
+7.97620000E+00,-40.20100E-03
+7.97622500E+00,-40.20100E-03
+7.97625000E+00,-37.68844E-03
+7.97627500E+00,-40.20100E-03
+7.97630000E+00,-37.68844E-03
+7.97632500E+00,-21.35678E-03
+7.97635000E+00,-37.68844E-03
+7.97637500E+00,-40.20100E-03
+7.97640000E+00,-20.10050E-03
+7.97642500E+00,-20.10050E-03
+7.97645000E+00,-40.20100E-03
+7.97647500E+00,-21.35678E-03
+7.97650000E+00,-21.35678E-03
+7.97652500E+00,-21.35678E-03
+7.97655000E+00,-22.61307E-03
+7.97657500E+00,-40.20100E-03
+7.97660000E+00,-21.35678E-03
+7.97662500E+00,-21.35678E-03
+7.97665000E+00,-20.10050E-03
+7.97667500E+00,-40.20100E-03
+7.97670000E+00,-40.20100E-03
+7.97672500E+00,-40.20100E-03
+7.97675000E+00,-21.35678E-03
+7.97677500E+00,-40.20100E-03
+7.97680000E+00,-40.20100E-03
+7.97682500E+00,-37.68844E-03
+7.97685000E+00,-40.20100E-03
+7.97687500E+00,-40.20100E-03
+7.97690000E+00,-40.20100E-03
+7.97692500E+00,-21.35678E-03
+7.97695000E+00,-21.35678E-03
+7.97697500E+00,-40.20100E-03
+7.97700000E+00,-40.20100E-03
+7.97702500E+00,-40.20100E-03
+7.97705000E+00,-37.68844E-03
+7.97707500E+00,-40.20100E-03
+7.97710000E+00,-37.68844E-03
+7.97712500E+00,-21.35678E-03
+7.97715000E+00,-37.68844E-03
+7.97717500E+00,-40.20100E-03
+7.97720000E+00,-40.20100E-03
+7.97722500E+00,-37.68844E-03
+7.97725000E+00,-17.58794E-03
+7.97727500E+00,-21.35678E-03
+7.97730000E+00,-37.68844E-03
+7.97732500E+00,-40.20100E-03
+7.97735000E+00,-56.53266E-03
+7.97737500E+00,-21.35678E-03
+7.97740000E+00,-37.68844E-03
+7.97742500E+00,-37.68844E-03
+7.97745000E+00,-37.68844E-03
+7.97747500E+00,-40.20100E-03
+7.97750000E+00,-37.68844E-03
+7.97752500E+00,-21.35678E-03
+7.97755000E+00,-20.10050E-03
+7.97757500E+00,-20.10050E-03
+7.97760000E+00,-1.25628E-03
+7.97762500E+00,-20.10050E-03
+7.97765000E+00,-40.20100E-03
+7.97767500E+00,-57.78894E-03
+7.97770000E+00,-37.68844E-03
+7.97772500E+00,-40.20100E-03
+7.97775000E+00,-22.61307E-03
+7.97777500E+00,-40.20100E-03
+7.97780000E+00,-21.35678E-03
+7.97782500E+00,-20.10050E-03
+7.97785000E+00,-37.68844E-03
+7.97787500E+00,-17.58794E-03
+7.97790000E+00,-21.35678E-03
+7.97792500E+00,-17.58794E-03
+7.97795000E+00,-41.45729E-03
+7.97797500E+00,-40.20100E-03
+7.97800000E+00,-20.10050E-03
+7.97802500E+00,-37.68844E-03
+7.97805000E+00,-21.35678E-03
+7.97807500E+00,-1.25628E-03
+7.97810000E+00,-57.78894E-03
+7.97812500E+00,-37.68844E-03
+7.97815000E+00,-37.68844E-03
+7.97817500E+00,-36.43216E-03
+7.97820000E+00,-57.78894E-03
+7.97822500E+00,-20.10050E-03
+7.97825000E+00,-21.35678E-03
+7.97827500E+00,-21.35678E-03
+7.97830000E+00,-20.10050E-03
+7.97832500E+00,-40.20100E-03
+7.97835000E+00,-37.68844E-03
+7.97837500E+00,-22.61307E-03
+7.97840000E+00,-40.20100E-03
+7.97842500E+00,-21.35678E-03
+7.97845000E+00,-21.35678E-03
+7.97847500E+00,-41.45729E-03
+7.97850000E+00,-21.35678E-03
+7.97852500E+00,-57.78894E-03
+7.97855000E+00,-21.35678E-03
+7.97857500E+00,-21.35678E-03
+7.97860000E+00,-21.35678E-03
+7.97862500E+00,-21.35678E-03
+7.97865000E+00,-40.20100E-03
+7.97867500E+00,-21.35678E-03
+7.97870000E+00,-36.43216E-03
+7.97872500E+00,-37.68844E-03
+7.97875000E+00,-20.10050E-03
+7.97877500E+00,-20.10050E-03
+7.97880000E+00,-20.10050E-03
+7.97882500E+00,-20.10050E-03
+7.97885000E+00,-21.35678E-03
+7.97887500E+00,-20.10050E-03
+7.97890000E+00,-37.68844E-03
+7.97892500E+00,-21.35678E-03
+7.97895000E+00,-37.68844E-03
+7.97897500E+00,-40.20100E-03
+7.97900000E+00,-40.20100E-03
+7.97902500E+00,-37.68844E-03
+7.97905000E+00,-56.53266E-03
+7.97907500E+00,-21.35678E-03
+7.97910000E+00,-56.53266E-03
+7.97912500E+00,-21.35678E-03
+7.97915000E+00,-40.20100E-03
+7.97917500E+00,-20.10050E-03
+7.97920000E+00,-41.45729E-03
+7.97922500E+00,-22.61307E-03
+7.97925000E+00,-40.20100E-03
+7.97927500E+00,-1.25628E-03
+7.97930000E+00,-21.35678E-03
+7.97932500E+00,-37.68844E-03
+7.97935000E+00,-21.35678E-03
+7.97937500E+00,-37.68844E-03
+7.97940000E+00,-20.10050E-03
+7.97942500E+00,-21.35678E-03
+7.97945000E+00,-40.20100E-03
+7.97947500E+00,-21.35678E-03
+7.97950000E+00,-37.68844E-03
+7.97952500E+00,-21.35678E-03
+7.97955000E+00,-21.35678E-03
+7.97957500E+00,-20.10050E-03
+7.97960000E+00,-57.78894E-03
+7.97962500E+00,-37.68844E-03
+7.97965000E+00,-21.35678E-03
+7.97967500E+00,-40.20100E-03
+7.97970000E+00,-40.20100E-03
+7.97972500E+00,-20.10050E-03
+7.97975000E+00,-1.25628E-03
+7.97977500E+00,-21.35678E-03
+7.97980000E+00,-20.10050E-03
+7.97982500E+00,-22.61307E-03
+7.97985000E+00,-20.10050E-03
+7.97987500E+00,-21.35678E-03
+7.97990000E+00,-21.35678E-03
+7.97992500E+00,-40.20100E-03
+7.97995000E+00,-21.35678E-03
+7.97997500E+00,-20.10050E-03
+7.98000000E+00,-21.35678E-03
+7.98002500E+00,-20.10050E-03
+7.98005000E+00,-40.20100E-03
+7.98007500E+00,-20.10050E-03
+7.98010000E+00,-40.20100E-03
+7.98012500E+00,-20.10050E-03
+7.98015000E+00,-40.20100E-03
+7.98017500E+00,-40.20100E-03
+7.98020000E+00,-20.10050E-03
+7.98022500E+00,-20.10050E-03
+7.98025000E+00,-21.35678E-03
+7.98027500E+00,-40.20100E-03
+7.98030000E+00,-37.68844E-03
+7.98032500E+00,-21.35678E-03
+7.98035000E+00,-21.35678E-03
+7.98037500E+00,-21.35678E-03
+7.98040000E+00,-20.10050E-03
+7.98042500E+00,-40.20100E-03
+7.98045000E+00,-20.10050E-03
+7.98047500E+00,-37.68844E-03
+7.98050000E+00,-20.10050E-03
+7.98052500E+00,-20.10050E-03
+7.98055000E+00,-37.68844E-03
+7.98057500E+00,-20.10050E-03
+7.98060000E+00,-20.10050E-03
+7.98062500E+00,-40.20100E-03
+7.98065000E+00,-21.35678E-03
+7.98067500E+00,-21.35678E-03
+7.98070000E+00,-40.20100E-03
+7.98072500E+00,-21.35678E-03
+7.98075000E+00,-20.10050E-03
+7.98077500E+00,-37.68844E-03
+7.98080000E+00,-37.68844E-03
+7.98082500E+00,-37.68844E-03
+7.98085000E+00,-40.20100E-03
+7.98087500E+00,+0.0E+00
+7.98090000E+00,-21.35678E-03
+7.98092500E+00,-40.20100E-03
+7.98095000E+00,-40.20100E-03
+7.98097500E+00,-37.68844E-03
+7.98100000E+00,-40.20100E-03
+7.98102500E+00,-40.20100E-03
+7.98105000E+00,-21.35678E-03
+7.98107500E+00,-20.10050E-03
+7.98110000E+00,-20.10050E-03
+7.98112500E+00,-41.45729E-03
+7.98115000E+00,-22.61307E-03
+7.98117500E+00,-21.35678E-03
+7.98120000E+00,-21.35678E-03
+7.98122500E+00,-37.68844E-03
+7.98125000E+00,-20.10050E-03
+7.98127500E+00,-20.10050E-03
+7.98130000E+00,-21.35678E-03
+7.98132500E+00,-40.20100E-03
+7.98135000E+00,-40.20100E-03
+7.98137500E+00,-20.10050E-03
+7.98140000E+00,-37.68844E-03
+7.98142500E+00,-21.35678E-03
+7.98145000E+00,-40.20100E-03
+7.98147500E+00,-40.20100E-03
+7.98150000E+00,-37.68844E-03
+7.98152500E+00,-40.20100E-03
+7.98155000E+00,-40.20100E-03
+7.98157500E+00,-40.20100E-03
+7.98160000E+00,-20.10050E-03
+7.98162500E+00,-37.68844E-03
+7.98165000E+00,-40.20100E-03
+7.98167500E+00,-40.20100E-03
+7.98170000E+00,-40.20100E-03
+7.98172500E+00,-40.20100E-03
+7.98175000E+00,-21.35678E-03
+7.98177500E+00,-21.35678E-03
+7.98180000E+00,-20.10050E-03
+7.98182500E+00,-41.45729E-03
+7.98185000E+00,-40.20100E-03
+7.98187500E+00,-20.10050E-03
+7.98190000E+00,-37.68844E-03
+7.98192500E+00,-21.35678E-03
+7.98195000E+00,-37.68844E-03
+7.98197500E+00,-40.20100E-03
+7.98200000E+00,-40.20100E-03
+7.98202500E+00,-21.35678E-03
+7.98205000E+00,-57.78894E-03
+7.98207500E+00,-20.10050E-03
+7.98210000E+00,-40.20100E-03
+7.98212500E+00,-21.35678E-03
+7.98215000E+00,-21.35678E-03
+7.98217500E+00,-40.20100E-03
+7.98220000E+00,-37.68844E-03
+7.98222500E+00,-41.45729E-03
+7.98225000E+00,-40.20100E-03
+7.98227500E+00,-40.20100E-03
+7.98230000E+00,-21.35678E-03
+7.98232500E+00,-21.35678E-03
+7.98235000E+00,-40.20100E-03
+7.98237500E+00,-21.35678E-03
+7.98240000E+00,-37.68844E-03
+7.98242500E+00,-21.35678E-03
+7.98245000E+00,-40.20100E-03
+7.98247500E+00,-57.78894E-03
+7.98250000E+00,-21.35678E-03
+7.98252500E+00,-56.53266E-03
+7.98255000E+00,-20.10050E-03
+7.98257500E+00,-40.20100E-03
+7.98260000E+00,-37.68844E-03
+7.98262500E+00,-37.68844E-03
+7.98265000E+00,-60.30151E-03
+7.98267500E+00,-21.35678E-03
+7.98270000E+00,-57.78894E-03
+7.98272500E+00,-17.58794E-03
+7.98275000E+00,-40.20100E-03
+7.98277500E+00,-40.20100E-03
+7.98280000E+00,-37.68844E-03
+7.98282500E+00,-21.35678E-03
+7.98285000E+00,-20.10050E-03
+7.98287500E+00,-21.35678E-03
+7.98290000E+00,-41.45729E-03
+7.98292500E+00,-21.35678E-03
+7.98295000E+00,-37.68844E-03
+7.98297500E+00,-40.20100E-03
+7.98300000E+00,-37.68844E-03
+7.98302500E+00,-20.10050E-03
+7.98305000E+00,-41.45729E-03
+7.98307500E+00,-41.45729E-03
+7.98310000E+00,-40.20100E-03
+7.98312500E+00,-21.35678E-03
+7.98315000E+00,-37.68844E-03
+7.98317500E+00,-37.68844E-03
+7.98320000E+00,-40.20100E-03
+7.98322500E+00,-21.35678E-03
+7.98325000E+00,-40.20100E-03
+7.98327500E+00,-20.10050E-03
+7.98330000E+00,-57.78894E-03
+7.98332500E+00,-21.35678E-03
+7.98335000E+00,-40.20100E-03
+7.98337500E+00,-21.35678E-03
+7.98340000E+00,-20.10050E-03
+7.98342500E+00,-20.10050E-03
+7.98345000E+00,-21.35678E-03
+7.98347500E+00,-20.10050E-03
+7.98350000E+00,-57.78894E-03
+7.98352500E+00,-20.10050E-03
+7.98355000E+00,-41.45729E-03
+7.98357500E+00,-40.20100E-03
+7.98360000E+00,-57.78894E-03
+7.98362500E+00,-57.78894E-03
+7.98365000E+00,-2.51256E-03
+7.98367500E+00,-20.10050E-03
+7.98370000E+00,-37.68844E-03
+7.98372500E+00,-21.35678E-03
+7.98375000E+00,-37.68844E-03
+7.98377500E+00,-57.78894E-03
+7.98380000E+00,-21.35678E-03
+7.98382500E+00,-57.78894E-03
+7.98385000E+00,-40.20100E-03
+7.98387500E+00,-41.45729E-03
+7.98390000E+00,-37.68844E-03
+7.98392500E+00,-20.10050E-03
+7.98395000E+00,-40.20100E-03
+7.98397500E+00,-21.35678E-03
+7.98400000E+00,-40.20100E-03
+7.98402500E+00,-20.10050E-03
+7.98405000E+00,-40.20100E-03
+7.98407500E+00,-40.20100E-03
+7.98410000E+00,-37.68844E-03
+7.98412500E+00,-21.35678E-03
+7.98415000E+00,-20.10050E-03
+7.98417500E+00,-40.20100E-03
+7.98420000E+00,-57.78894E-03
+7.98422500E+00,-20.10050E-03
+7.98425000E+00,-20.10050E-03
+7.98427500E+00,-37.68844E-03
+7.98430000E+00,-41.45729E-03
+7.98432500E+00,-1.25628E-03
+7.98435000E+00,-21.35678E-03
+7.98437500E+00,-40.20100E-03
+7.98440000E+00,-37.68844E-03
+7.98442500E+00,-40.20100E-03
+7.98445000E+00,-40.20100E-03
+7.98447500E+00,-40.20100E-03
+7.98450000E+00,-21.35678E-03
+7.98452500E+00,-22.61307E-03
+7.98455000E+00,-37.68844E-03
+7.98457500E+00,-21.35678E-03
+7.98460000E+00,-20.10050E-03
+7.98462500E+00,-20.10050E-03
+7.98465000E+00,-20.10050E-03
+7.98467500E+00,-37.68844E-03
+7.98470000E+00,-21.35678E-03
+7.98472500E+00,-40.20100E-03
+7.98475000E+00,-41.45729E-03
+7.98477500E+00,-37.68844E-03
+7.98480000E+00,-20.10050E-03
+7.98482500E+00,-56.53266E-03
+7.98485000E+00,-21.35678E-03
+7.98487500E+00,-20.10050E-03
+7.98490000E+00,-40.20100E-03
+7.98492500E+00,-20.10050E-03
+7.98495000E+00,-21.35678E-03
+7.98497500E+00,-20.10050E-03
+7.98500000E+00,-40.20100E-03
+7.98502500E+00,-21.35678E-03
+7.98505000E+00,-37.68844E-03
+7.98507500E+00,-37.68844E-03
+7.98510000E+00,-37.68844E-03
+7.98512500E+00,-37.68844E-03
+7.98515000E+00,-20.10050E-03
+7.98517500E+00,-37.68844E-03
+7.98520000E+00,-37.68844E-03
+7.98522500E+00,-2.51256E-03
+7.98525000E+00,-40.20100E-03
+7.98527500E+00,-21.35678E-03
+7.98530000E+00,-40.20100E-03
+7.98532500E+00,-40.20100E-03
+7.98535000E+00,-37.68844E-03
+7.98537500E+00,-21.35678E-03
+7.98540000E+00,-21.35678E-03
+7.98542500E+00,-37.68844E-03
+7.98545000E+00,-21.35678E-03
+7.98547500E+00,-40.20100E-03
+7.98550000E+00,-40.20100E-03
+7.98552500E+00,-20.10050E-03
+7.98555000E+00,-37.68844E-03
+7.98557500E+00,-37.68844E-03
+7.98560000E+00,-40.20100E-03
+7.98562500E+00,-41.45729E-03
+7.98565000E+00,-21.35678E-03
+7.98567500E+00,-40.20100E-03
+7.98570000E+00,-56.53266E-03
+7.98572500E+00,-21.35678E-03
+7.98575000E+00,-37.68844E-03
+7.98577500E+00,-40.20100E-03
+7.98580000E+00,-41.45729E-03
+7.98582500E+00,-21.35678E-03
+7.98585000E+00,-37.68844E-03
+7.98587500E+00,-21.35678E-03
+7.98590000E+00,-21.35678E-03
+7.98592500E+00,+0.0E+00
+7.98595000E+00,-20.10050E-03
+7.98597500E+00,-37.68844E-03
+7.98600000E+00,-21.35678E-03
+7.98602500E+00,-37.68844E-03
+7.98605000E+00,-21.35678E-03
+7.98607500E+00,-20.10050E-03
+7.98610000E+00,-21.35678E-03
+7.98612500E+00,-20.10050E-03
+7.98615000E+00,-40.20100E-03
+7.98617500E+00,-21.35678E-03
+7.98620000E+00,-20.10050E-03
+7.98622500E+00,-20.10050E-03
+7.98625000E+00,-37.68844E-03
+7.98627500E+00,-20.10050E-03
+7.98630000E+00,-57.78894E-03
+7.98632500E+00,-20.10050E-03
+7.98635000E+00,-37.68844E-03
+7.98637500E+00,-40.20100E-03
+7.98640000E+00,-20.10050E-03
+7.98642500E+00,-20.10050E-03
+7.98645000E+00,-40.20100E-03
+7.98647500E+00,-40.20100E-03
+7.98650000E+00,-20.10050E-03
+7.98652500E+00,-40.20100E-03
+7.98655000E+00,-37.68844E-03
+7.98657500E+00,-37.68844E-03
+7.98660000E+00,-37.68844E-03
+7.98662500E+00,-17.58794E-03
+7.98665000E+00,-57.78894E-03
+7.98667500E+00,-2.51256E-03
+7.98670000E+00,-40.20100E-03
+7.98672500E+00,-40.20100E-03
+7.98675000E+00,-21.35678E-03
+7.98677500E+00,-21.35678E-03
+7.98680000E+00,-20.10050E-03
+7.98682500E+00,-40.20100E-03
+7.98685000E+00,-40.20100E-03
+7.98687500E+00,-37.68844E-03
+7.98690000E+00,-56.53266E-03
+7.98692500E+00,-40.20100E-03
+7.98695000E+00,-40.20100E-03
+7.98697500E+00,-21.35678E-03
+7.98700000E+00,-20.10050E-03
+7.98702500E+00,-22.61307E-03
+7.98705000E+00,-37.68844E-03
+7.98707500E+00,-37.68844E-03
+7.98710000E+00,-22.61307E-03
+7.98712500E+00,-37.68844E-03
+7.98715000E+00,-20.10050E-03
+7.98717500E+00,-40.20100E-03
+7.98720000E+00,-20.10050E-03
+7.98722500E+00,-36.43216E-03
+7.98725000E+00,-20.10050E-03
+7.98727500E+00,-21.35678E-03
+7.98730000E+00,-21.35678E-03
+7.98732500E+00,-40.20100E-03
+7.98735000E+00,-37.68844E-03
+7.98737500E+00,-40.20100E-03
+7.98740000E+00,-17.58794E-03
+7.98742500E+00,-22.61307E-03
+7.98745000E+00,-41.45729E-03
+7.98747500E+00,-37.68844E-03
+7.98750000E+00,-40.20100E-03
+7.98752500E+00,-20.10050E-03
+7.98755000E+00,-37.68844E-03
+7.98757500E+00,-40.20100E-03
+7.98760000E+00,-21.35678E-03
+7.98762500E+00,-56.53266E-03
+7.98765000E+00,-40.20100E-03
+7.98767500E+00,-40.20100E-03
+7.98770000E+00,-40.20100E-03
+7.98772500E+00,-21.35678E-03
+7.98775000E+00,-20.10050E-03
+7.98777500E+00,-40.20100E-03
+7.98780000E+00,-21.35678E-03
+7.98782500E+00,-20.10050E-03
+7.98785000E+00,-37.68844E-03
+7.98787500E+00,-40.20100E-03
+7.98790000E+00,-20.10050E-03
+7.98792500E+00,-37.68844E-03
+7.98795000E+00,-17.58794E-03
+7.98797500E+00,-37.68844E-03
+7.98800000E+00,-40.20100E-03
+7.98802500E+00,-37.68844E-03
+7.98805000E+00,-20.10050E-03
+7.98807500E+00,-37.68844E-03
+7.98810000E+00,-21.35678E-03
+7.98812500E+00,-40.20100E-03
+7.98815000E+00,-37.68844E-03
+7.98817500E+00,-40.20100E-03
+7.98820000E+00,-40.20100E-03
+7.98822500E+00,-40.20100E-03
+7.98825000E+00,-37.68844E-03
+7.98827500E+00,-40.20100E-03
+7.98830000E+00,-40.20100E-03
+7.98832500E+00,-37.68844E-03
+7.98835000E+00,-2.51256E-03
+7.98837500E+00,-41.45729E-03
+7.98840000E+00,-37.68844E-03
+7.98842500E+00,-57.78894E-03
+7.98845000E+00,-40.20100E-03
+7.98847500E+00,-37.68844E-03
+7.98850000E+00,-20.10050E-03
+7.98852500E+00,-40.20100E-03
+7.98855000E+00,-37.68844E-03
+7.98857500E+00,-56.53266E-03
+7.98860000E+00,-37.68844E-03
+7.98862500E+00,-20.10050E-03
+7.98865000E+00,-37.68844E-03
+7.98867500E+00,-21.35678E-03
+7.98870000E+00,-21.35678E-03
+7.98872500E+00,-37.68844E-03
+7.98875000E+00,-40.20100E-03
+7.98877500E+00,-40.20100E-03
+7.98880000E+00,-40.20100E-03
+7.98882500E+00,-57.78894E-03
+7.98885000E+00,-37.68844E-03
+7.98887500E+00,-21.35678E-03
+7.98890000E+00,-40.20100E-03
+7.98892500E+00,-20.10050E-03
+7.98895000E+00,-20.10050E-03
+7.98897500E+00,-20.10050E-03
+7.98900000E+00,-37.68844E-03
+7.98902500E+00,-37.68844E-03
+7.98905000E+00,-41.45729E-03
+7.98907500E+00,-20.10050E-03
+7.98910000E+00,-37.68844E-03
+7.98912500E+00,-21.35678E-03
+7.98915000E+00,-37.68844E-03
+7.98917500E+00,-21.35678E-03
+7.98920000E+00,-40.20100E-03
+7.98922500E+00,-57.78894E-03
+7.98925000E+00,-21.35678E-03
+7.98927500E+00,-22.61307E-03
+7.98930000E+00,-56.53266E-03
+7.98932500E+00,-20.10050E-03
+7.98935000E+00,-21.35678E-03
+7.98937500E+00,-40.20100E-03
+7.98940000E+00,-37.68844E-03
+7.98942500E+00,-41.45729E-03
+7.98945000E+00,-20.10050E-03
+7.98947500E+00,-17.58794E-03
+7.98950000E+00,-57.78894E-03
+7.98952500E+00,-21.35678E-03
+7.98955000E+00,-40.20100E-03
+7.98957500E+00,-21.35678E-03
+7.98960000E+00,-40.20100E-03
+7.98962500E+00,-21.35678E-03
+7.98965000E+00,-56.53266E-03
+7.98967500E+00,-37.68844E-03
+7.98970000E+00,-40.20100E-03
+7.98972500E+00,-37.68844E-03
+7.98975000E+00,-40.20100E-03
+7.98977500E+00,-40.20100E-03
+7.98980000E+00,-36.43216E-03
+7.98982500E+00,-20.10050E-03
+7.98985000E+00,-37.68844E-03
+7.98987500E+00,-56.53266E-03
+7.98990000E+00,-37.68844E-03
+7.98992500E+00,-40.20100E-03
+7.98995000E+00,-37.68844E-03
+7.98997500E+00,-36.43216E-03
+7.99000000E+00,-21.35678E-03
+7.99002500E+00,-37.68844E-03
+7.99005000E+00,-20.10050E-03
+7.99007500E+00,-37.68844E-03
+7.99010000E+00,-37.68844E-03
+7.99012500E+00,-40.20100E-03
+7.99015000E+00,-37.68844E-03
+7.99017500E+00,-40.20100E-03
+7.99020000E+00,-21.35678E-03
+7.99022500E+00,-21.35678E-03
+7.99025000E+00,-21.35678E-03
+7.99027500E+00,-20.10050E-03
+7.99030000E+00,-40.20100E-03
+7.99032500E+00,-20.10050E-03
+7.99035000E+00,-37.68844E-03
+7.99037500E+00,-40.20100E-03
+7.99040000E+00,-40.20100E-03
+7.99042500E+00,-36.43216E-03
+7.99045000E+00,-20.10050E-03
+7.99047500E+00,-20.10050E-03
+7.99050000E+00,-40.20100E-03
+7.99052500E+00,-56.53266E-03
+7.99055000E+00,-37.68844E-03
+7.99057500E+00,-40.20100E-03
+7.99060000E+00,-40.20100E-03
+7.99062500E+00,-37.68844E-03
+7.99065000E+00,-40.20100E-03
+7.99067500E+00,-20.10050E-03
+7.99070000E+00,-20.10050E-03
+7.99072500E+00,-56.53266E-03
+7.99075000E+00,-20.10050E-03
+7.99077500E+00,-37.68844E-03
+7.99080000E+00,-37.68844E-03
+7.99082500E+00,-37.68844E-03
+7.99085000E+00,-40.20100E-03
+7.99087500E+00,-20.10050E-03
+7.99090000E+00,-17.58794E-03
+7.99092500E+00,-20.10050E-03
+7.99095000E+00,-22.61307E-03
+7.99097500E+00,-21.35678E-03
+7.99100000E+00,-21.35678E-03
+7.99102500E+00,-21.35678E-03
+7.99105000E+00,-40.20100E-03
+7.99107500E+00,-20.10050E-03
+7.99110000E+00,-57.78894E-03
+7.99112500E+00,-40.20100E-03
+7.99115000E+00,-37.68844E-03
+7.99117500E+00,-1.25628E-03
+7.99120000E+00,-37.68844E-03
+7.99122500E+00,-21.35678E-03
+7.99125000E+00,-21.35678E-03
+7.99127500E+00,-40.20100E-03
+7.99130000E+00,-37.68844E-03
+7.99132500E+00,-40.20100E-03
+7.99135000E+00,-21.35678E-03
+7.99137500E+00,-37.68844E-03
+7.99140000E+00,-21.35678E-03
+7.99142500E+00,-20.10050E-03
+7.99145000E+00,-2.51256E-03
+7.99147500E+00,-37.68844E-03
+7.99150000E+00,-37.68844E-03
+7.99152500E+00,-41.45729E-03
+7.99155000E+00,-40.20100E-03
+7.99157500E+00,-41.45729E-03
+7.99160000E+00,-40.20100E-03
+7.99162500E+00,-37.68844E-03
+7.99165000E+00,-57.78894E-03
+7.99167500E+00,-20.10050E-03
+7.99170000E+00,-20.10050E-03
+7.99172500E+00,-17.58794E-03
+7.99175000E+00,-37.68844E-03
+7.99177500E+00,-37.68844E-03
+7.99180000E+00,-57.78894E-03
+7.99182500E+00,-40.20100E-03
+7.99185000E+00,-20.10050E-03
+7.99187500E+00,-37.68844E-03
+7.99190000E+00,-20.10050E-03
+7.99192500E+00,-37.68844E-03
+7.99195000E+00,-37.68844E-03
+7.99197500E+00,-20.10050E-03
+7.99200000E+00,-40.20100E-03
+7.99202500E+00,-40.20100E-03
+7.99205000E+00,-40.20100E-03
+7.99207500E+00,-37.68844E-03
+7.99210000E+00,-57.78894E-03
+7.99212500E+00,-40.20100E-03
+7.99215000E+00,-20.10050E-03
+7.99217500E+00,-37.68844E-03
+7.99220000E+00,-20.10050E-03
+7.99222500E+00,-21.35678E-03
+7.99225000E+00,-37.68844E-03
+7.99227500E+00,-37.68844E-03
+7.99230000E+00,-40.20100E-03
+7.99232500E+00,-2.51256E-03
+7.99235000E+00,-40.20100E-03
+7.99237500E+00,-41.45729E-03
+7.99240000E+00,-21.35678E-03
+7.99242500E+00,-1.25628E-03
+7.99245000E+00,-21.35678E-03
+7.99247500E+00,-2.51256E-03
+7.99250000E+00,-40.20100E-03
+7.99252500E+00,-56.53266E-03
+7.99255000E+00,-40.20100E-03
+7.99257500E+00,-56.53266E-03
+7.99260000E+00,-20.10050E-03
+7.99262500E+00,-57.78894E-03
+7.99265000E+00,-41.45729E-03
+7.99267500E+00,-57.78894E-03
+7.99270000E+00,-20.10050E-03
+7.99272500E+00,-21.35678E-03
+7.99275000E+00,-40.20100E-03
+7.99277500E+00,-37.68844E-03
+7.99280000E+00,-21.35678E-03
+7.99282500E+00,-20.10050E-03
+7.99285000E+00,-37.68844E-03
+7.99287500E+00,-21.35678E-03
+7.99290000E+00,-40.20100E-03
+7.99292500E+00,-21.35678E-03
+7.99295000E+00,-21.35678E-03
+7.99297500E+00,-21.35678E-03
+7.99300000E+00,-37.68844E-03
+7.99302500E+00,-57.78894E-03
+7.99305000E+00,-21.35678E-03
+7.99307500E+00,-21.35678E-03
+7.99310000E+00,-40.20100E-03
+7.99312500E+00,-21.35678E-03
+7.99315000E+00,-40.20100E-03
+7.99317500E+00,-20.10050E-03
+7.99320000E+00,-37.68844E-03
+7.99322500E+00,-21.35678E-03
+7.99325000E+00,-20.10050E-03
+7.99327500E+00,-37.68844E-03
+7.99330000E+00,-37.68844E-03
+7.99332500E+00,-40.20100E-03
+7.99335000E+00,-40.20100E-03
+7.99337500E+00,-20.10050E-03
+7.99340000E+00,-21.35678E-03
+7.99342500E+00,-21.35678E-03
+7.99345000E+00,-41.45729E-03
+7.99347500E+00,-37.68844E-03
+7.99350000E+00,-1.25628E-03
+7.99352500E+00,-20.10050E-03
+7.99355000E+00,-40.20100E-03
+7.99357500E+00,-40.20100E-03
+7.99360000E+00,-40.20100E-03
+7.99362500E+00,-37.68844E-03
+7.99365000E+00,-21.35678E-03
+7.99367500E+00,-41.45729E-03
+7.99370000E+00,-20.10050E-03
+7.99372500E+00,-40.20100E-03
+7.99375000E+00,-41.45729E-03
+7.99377500E+00,-40.20100E-03
+7.99380000E+00,-37.68844E-03
+7.99382500E+00,-40.20100E-03
+7.99385000E+00,-40.20100E-03
+7.99387500E+00,-21.35678E-03
+7.99390000E+00,-20.10050E-03
+7.99392500E+00,-57.78894E-03
+7.99395000E+00,-20.10050E-03
+7.99397500E+00,-40.20100E-03
+7.99400000E+00,-21.35678E-03
+7.99402500E+00,-20.10050E-03
+7.99405000E+00,-40.20100E-03
+7.99407500E+00,-41.45729E-03
+7.99410000E+00,-21.35678E-03
+7.99412500E+00,-21.35678E-03
+7.99415000E+00,-20.10050E-03
+7.99417500E+00,-37.68844E-03
+7.99420000E+00,-37.68844E-03
+7.99422500E+00,-40.20100E-03
+7.99425000E+00,-21.35678E-03
+7.99427500E+00,-40.20100E-03
+7.99430000E+00,-20.10050E-03
+7.99432500E+00,-40.20100E-03
+7.99435000E+00,-40.20100E-03
+7.99437500E+00,-40.20100E-03
+7.99440000E+00,-21.35678E-03
+7.99442500E+00,-21.35678E-03
+7.99445000E+00,-21.35678E-03
+7.99447500E+00,-21.35678E-03
+7.99450000E+00,-37.68844E-03
+7.99452500E+00,-37.68844E-03
+7.99455000E+00,-20.10050E-03
+7.99457500E+00,-40.20100E-03
+7.99460000E+00,-21.35678E-03
+7.99462500E+00,-21.35678E-03
+7.99465000E+00,-40.20100E-03
+7.99467500E+00,-20.10050E-03
+7.99470000E+00,-17.58794E-03
+7.99472500E+00,-37.68844E-03
+7.99475000E+00,-20.10050E-03
+7.99477500E+00,-40.20100E-03
+7.99480000E+00,-20.10050E-03
+7.99482500E+00,-21.35678E-03
+7.99485000E+00,-57.78894E-03
+7.99487500E+00,-40.20100E-03
+7.99490000E+00,-37.68844E-03
+7.99492500E+00,-20.10050E-03
+7.99495000E+00,-20.10050E-03
+7.99497500E+00,-21.35678E-03
+7.99500000E+00,-21.35678E-03
+7.99502500E+00,-20.10050E-03
+7.99505000E+00,-40.20100E-03
+7.99507500E+00,-56.53266E-03
+7.99510000E+00,-21.35678E-03
+7.99512500E+00,-37.68844E-03
+7.99515000E+00,-20.10050E-03
+7.99517500E+00,-21.35678E-03
+7.99520000E+00,-20.10050E-03
+7.99522500E+00,-37.68844E-03
+7.99525000E+00,-20.10050E-03
+7.99527500E+00,-37.68844E-03
+7.99530000E+00,-21.35678E-03
+7.99532500E+00,-37.68844E-03
+7.99535000E+00,-40.20100E-03
+7.99537500E+00,-40.20100E-03
+7.99540000E+00,-40.20100E-03
+7.99542500E+00,-20.10050E-03
+7.99545000E+00,-36.43216E-03
+7.99547500E+00,-41.45729E-03
+7.99550000E+00,-57.78894E-03
+7.99552500E+00,-21.35678E-03
+7.99555000E+00,-40.20100E-03
+7.99557500E+00,-21.35678E-03
+7.99560000E+00,-37.68844E-03
+7.99562500E+00,-21.35678E-03
+7.99565000E+00,-21.35678E-03
+7.99567500E+00,-20.10050E-03
+7.99570000E+00,-20.10050E-03
+7.99572500E+00,-56.53266E-03
+7.99575000E+00,-37.68844E-03
+7.99577500E+00,-21.35678E-03
+7.99580000E+00,-57.78894E-03
+7.99582500E+00,-37.68844E-03
+7.99585000E+00,-40.20100E-03
+7.99587500E+00,-21.35678E-03
+7.99590000E+00,-40.20100E-03
+7.99592500E+00,-17.58794E-03
+7.99595000E+00,-40.20100E-03
+7.99597500E+00,-41.45729E-03
+7.99600000E+00,-40.20100E-03
+7.99602500E+00,-40.20100E-03
+7.99605000E+00,-37.68844E-03
+7.99607500E+00,-40.20100E-03
+7.99610000E+00,-20.10050E-03
+7.99612500E+00,-40.20100E-03
+7.99615000E+00,-40.20100E-03
+7.99617500E+00,-21.35678E-03
+7.99620000E+00,-37.68844E-03
+7.99622500E+00,-37.68844E-03
+7.99625000E+00,-37.68844E-03
+7.99627500E+00,-21.35678E-03
+7.99630000E+00,-37.68844E-03
+7.99632500E+00,-21.35678E-03
+7.99635000E+00,-1.25628E-03
+7.99637500E+00,-20.10050E-03
+7.99640000E+00,-37.68844E-03
+7.99642500E+00,-37.68844E-03
+7.99645000E+00,-40.20100E-03
+7.99647500E+00,-20.10050E-03
+7.99650000E+00,-40.20100E-03
+7.99652500E+00,-20.10050E-03
+7.99655000E+00,-20.10050E-03
+7.99657500E+00,-40.20100E-03
+7.99660000E+00,-40.20100E-03
+7.99662500E+00,-40.20100E-03
+7.99665000E+00,-20.10050E-03
+7.99667500E+00,-1.25628E-03
+7.99670000E+00,-41.45729E-03
+7.99672500E+00,-21.35678E-03
+7.99675000E+00,-57.78894E-03
+7.99677500E+00,-21.35678E-03
+7.99680000E+00,-37.68844E-03
+7.99682500E+00,-40.20100E-03
+7.99685000E+00,-21.35678E-03
+7.99687500E+00,-21.35678E-03
+7.99690000E+00,-21.35678E-03
+7.99692500E+00,-41.45729E-03
+7.99695000E+00,-20.10050E-03
+7.99697500E+00,-40.20100E-03
+7.99700000E+00,-20.10050E-03
+7.99702500E+00,-37.68844E-03
+7.99705000E+00,-40.20100E-03
+7.99707500E+00,-20.10050E-03
+7.99710000E+00,-21.35678E-03
+7.99712500E+00,-37.68844E-03
+7.99715000E+00,-20.10050E-03
+7.99717500E+00,-20.10050E-03
+7.99720000E+00,-56.53266E-03
+7.99722500E+00,-37.68844E-03
+7.99725000E+00,-56.53266E-03
+7.99727500E+00,-20.10050E-03
+7.99730000E+00,-40.20100E-03
+7.99732500E+00,-2.51256E-03
+7.99735000E+00,-17.58794E-03
+7.99737500E+00,-21.35678E-03
+7.99740000E+00,-37.68844E-03
+7.99742500E+00,-21.35678E-03
+7.99745000E+00,-37.68844E-03
+7.99747500E+00,-37.68844E-03
+7.99750000E+00,-40.20100E-03
+7.99752500E+00,-21.35678E-03
+7.99755000E+00,-20.10050E-03
+7.99757500E+00,-37.68844E-03
+7.99760000E+00,-40.20100E-03
+7.99762500E+00,-40.20100E-03
+7.99765000E+00,-20.10050E-03
+7.99767500E+00,-37.68844E-03
+7.99770000E+00,-37.68844E-03
+7.99772500E+00,-40.20100E-03
+7.99775000E+00,-40.20100E-03
+7.99777500E+00,-22.61307E-03
+7.99780000E+00,-40.20100E-03
+7.99782500E+00,-20.10050E-03
+7.99785000E+00,-20.10050E-03
+7.99787500E+00,-21.35678E-03
+7.99790000E+00,-21.35678E-03
+7.99792500E+00,-40.20100E-03
+7.99795000E+00,-37.68844E-03
+7.99797500E+00,-37.68844E-03
+7.99800000E+00,-21.35678E-03
+7.99802500E+00,-21.35678E-03
+7.99805000E+00,-37.68844E-03
+7.99807500E+00,-40.20100E-03
+7.99810000E+00,-41.45729E-03
+7.99812500E+00,-37.68844E-03
+7.99815000E+00,-20.10050E-03
+7.99817500E+00,-21.35678E-03
+7.99820000E+00,-17.58794E-03
+7.99822500E+00,-37.68844E-03
+7.99825000E+00,-37.68844E-03
+7.99827500E+00,-20.10050E-03
+7.99830000E+00,-37.68844E-03
+7.99832500E+00,-22.61307E-03
+7.99835000E+00,-21.35678E-03
+7.99837500E+00,-56.53266E-03
+7.99840000E+00,-21.35678E-03
+7.99842500E+00,-20.10050E-03
+7.99845000E+00,-37.68844E-03
+7.99847500E+00,-40.20100E-03
+7.99850000E+00,-21.35678E-03
+7.99852500E+00,-37.68844E-03
+7.99855000E+00,-20.10050E-03
+7.99857500E+00,-37.68844E-03
+7.99860000E+00,-37.68844E-03
+7.99862500E+00,-40.20100E-03
+7.99865000E+00,-57.78894E-03
+7.99867500E+00,-37.68844E-03
+7.99870000E+00,-21.35678E-03
+7.99872500E+00,-40.20100E-03
+7.99875000E+00,-57.78894E-03
+7.99877500E+00,-20.10050E-03
+7.99880000E+00,-37.68844E-03
+7.99882500E+00,-20.10050E-03
+7.99885000E+00,-37.68844E-03
+7.99887500E+00,-40.20100E-03
+7.99890000E+00,-56.53266E-03
+7.99892500E+00,-36.43216E-03
+7.99895000E+00,-37.68844E-03
+7.99897500E+00,-37.68844E-03
+7.99900000E+00,-20.10050E-03
+7.99902500E+00,-20.10050E-03
+7.99905000E+00,-40.20100E-03
+7.99907500E+00,-20.10050E-03
+7.99910000E+00,-21.35678E-03
+7.99912500E+00,-21.35678E-03
+7.99915000E+00,-40.20100E-03
+7.99917500E+00,-20.10050E-03
+7.99920000E+00,-21.35678E-03
+7.99922500E+00,-21.35678E-03
+7.99925000E+00,-20.10050E-03
+7.99927500E+00,-17.58794E-03
+7.99930000E+00,-21.35678E-03
+7.99932500E+00,-37.68844E-03
+7.99935000E+00,-21.35678E-03
+7.99937500E+00,-20.10050E-03
+7.99940000E+00,-37.68844E-03
+7.99942500E+00,-21.35678E-03
+7.99945000E+00,-20.10050E-03
+7.99947500E+00,-40.20100E-03
+7.99950000E+00,-21.35678E-03
+7.99952500E+00,-40.20100E-03
+7.99955000E+00,-21.35678E-03
+7.99957500E+00,-20.10050E-03
+7.99960000E+00,-21.35678E-03
+7.99962500E+00,-21.35678E-03
+7.99965000E+00,-37.68844E-03
+7.99967500E+00,-20.10050E-03
+7.99970000E+00,-37.68844E-03
+7.99972500E+00,-40.20100E-03
+7.99975000E+00,-40.20100E-03
+7.99977500E+00,-37.68844E-03
+7.99980000E+00,-37.68844E-03
+7.99982500E+00,-21.35678E-03
+7.99985000E+00,-40.20100E-03
+7.99987500E+00,-40.20100E-03
+7.99990000E+00,-20.10050E-03
+7.99992500E+00,-40.20100E-03
+7.99995000E+00,-20.10050E-03
+7.99997500E+00,-20.10050E-03
+8.00000000E+00,-80.40201E-03
+8.00002500E+00,-97.98995E-03
+8.00005000E+00,-100.50251E-03
+8.00007500E+00,-120.60301E-03
+8.00010000E+00,-121.85930E-03
+8.00012500E+00,-121.85930E-03
+8.00015000E+00,-158.29146E-03
+8.00017500E+00,-141.95980E-03
+8.00020000E+00,-141.95980E-03
+8.00022500E+00,-140.70352E-03
+8.00025000E+00,-140.70352E-03
+8.00027500E+00,-158.29146E-03
+8.00030000E+00,-160.80402E-03
+8.00032500E+00,-143.21608E-03
+8.00035000E+00,-160.80402E-03
+8.00037500E+00,-158.29146E-03
+8.00040000E+00,-158.29146E-03
+8.00042500E+00,-140.70352E-03
+8.00045000E+00,-121.85930E-03
+8.00047500E+00,-140.70352E-03
+8.00050000E+00,-121.85930E-03
+8.00052500E+00,-121.85930E-03
+8.00055000E+00,-118.09045E-03
+8.00057500E+00,-118.09045E-03
+8.00060000E+00,-97.98995E-03
+8.00062500E+00,-97.98995E-03
+8.00065000E+00,-80.40201E-03
+8.00067500E+00,-60.30151E-03
+8.00070000E+00,-60.30151E-03
+8.00072500E+00,-76.63317E-03
+8.00075000E+00,-40.20100E-03
+8.00077500E+00,-57.78894E-03
+8.00080000E+00,-20.10050E-03
+8.00082500E+00,-20.10050E-03
+8.00085000E+00,-17.58794E-03
+8.00087500E+00,-37.68844E-03
+8.00090000E+00,-1.25628E-03
+8.00092500E+00,+1.25628E-03
+8.00095000E+00,+1.25628E-03
+8.00097500E+00,+17.58794E-03
+8.00100000E+00,+20.10050E-03
+8.00102500E+00,+37.68844E-03
+8.00105000E+00,+1.25628E-03
+8.00107500E+00,+21.35678E-03
+8.00110000E+00,+36.43216E-03
+8.00112500E+00,+17.58794E-03
+8.00115000E+00,+20.10050E-03
+8.00117500E+00,+20.10050E-03
+8.00120000E+00,+40.20100E-03
+8.00122500E+00,+21.35678E-03
+8.00125000E+00,+37.68844E-03
+8.00127500E+00,+20.10050E-03
+8.00130000E+00,+40.20100E-03
+8.00132500E+00,+37.68844E-03
+8.00135000E+00,+0.0E+00
+8.00137500E+00,+0.0E+00
+8.00140000E+00,+17.58794E-03
+8.00142500E+00,+1.25628E-03
+8.00145000E+00,+20.10050E-03
+8.00147500E+00,+1.25628E-03
+8.00150000E+00,+0.0E+00
+8.00152500E+00,+17.58794E-03
+8.00155000E+00,-16.33166E-03
+8.00157500E+00,+1.25628E-03
+8.00160000E+00,+0.0E+00
+8.00162500E+00,-1.25628E-03
+8.00165000E+00,+17.58794E-03
+8.00167500E+00,-20.10050E-03
+8.00170000E+00,-1.25628E-03
+8.00172500E+00,-20.10050E-03
+8.00175000E+00,-1.25628E-03
+8.00177500E+00,-20.10050E-03
+8.00180000E+00,-21.35678E-03
+8.00182500E+00,-20.10050E-03
+8.00185000E+00,-21.35678E-03
+8.00187500E+00,-36.43216E-03
+8.00190000E+00,-37.68844E-03
+8.00192500E+00,-60.30151E-03
+8.00195000E+00,-21.35678E-03
+8.00197500E+00,-40.20100E-03
+8.00200000E+00,-60.30151E-03
+8.00202500E+00,-41.45729E-03
+8.00205000E+00,-61.55779E-03
+8.00207500E+00,-61.55779E-03
+8.00210000E+00,-77.88945E-03
+8.00212500E+00,-80.40201E-03
+8.00215000E+00,-80.40201E-03
+8.00217500E+00,-61.55779E-03
+8.00220000E+00,-80.40201E-03
+8.00222500E+00,-97.98995E-03
+8.00225000E+00,-97.98995E-03
+8.00227500E+00,-80.40201E-03
+8.00230000E+00,-80.40201E-03
+8.00232500E+00,-97.98995E-03
+8.00235000E+00,-101.75879E-03
+8.00237500E+00,-81.65829E-03
+8.00240000E+00,-97.98995E-03
+8.00242500E+00,-118.09045E-03
+8.00245000E+00,-100.50251E-03
+8.00247500E+00,-77.88945E-03
+8.00250000E+00,-80.40201E-03
+8.00252500E+00,-60.30151E-03
+8.00255000E+00,-80.40201E-03
+8.00257500E+00,-77.88945E-03
+8.00260000E+00,-80.40201E-03
+8.00262500E+00,-40.20100E-03
+8.00265000E+00,-41.45729E-03
+8.00267500E+00,-22.61307E-03
+8.00270000E+00,-40.20100E-03
+8.00272500E+00,-40.20100E-03
+8.00275000E+00,-20.10050E-03
+8.00277500E+00,-22.61307E-03
+8.00280000E+00,-1.25628E-03
+8.00282500E+00,+0.0E+00
+8.00285000E+00,-20.10050E-03
+8.00287500E+00,+0.0E+00
+8.00290000E+00,+0.0E+00
+8.00292500E+00,+21.35678E-03
+8.00295000E+00,+1.25628E-03
+8.00297500E+00,+36.43216E-03
+8.00300000E+00,+20.10050E-03
+8.00302500E+00,+20.10050E-03
+8.00305000E+00,+21.35678E-03
+8.00307500E+00,+56.53266E-03
+8.00310000E+00,+40.20100E-03
+8.00312500E+00,+40.20100E-03
+8.00315000E+00,+40.20100E-03
+8.00317500E+00,+21.35678E-03
+8.00320000E+00,+37.68844E-03
+8.00322500E+00,+1.25628E-03
+8.00325000E+00,+37.68844E-03
+8.00327500E+00,+37.68844E-03
+8.00330000E+00,+22.61307E-03
+8.00332500E+00,+1.25628E-03
+8.00335000E+00,+21.35678E-03
+8.00337500E+00,+0.0E+00
+8.00340000E+00,+0.0E+00
+8.00342500E+00,-20.10050E-03
+8.00345000E+00,-17.58794E-03
+8.00347500E+00,-1.25628E-03
+8.00350000E+00,-20.10050E-03
+8.00352500E+00,-1.25628E-03
+8.00355000E+00,-2.51256E-03
+8.00357500E+00,-40.20100E-03
+8.00360000E+00,-40.20100E-03
+8.00362500E+00,-41.45729E-03
+8.00365000E+00,-60.30151E-03
+8.00367500E+00,-60.30151E-03
+8.00370000E+00,-61.55779E-03
+8.00372500E+00,-60.30151E-03
+8.00375000E+00,-80.40201E-03
+8.00377500E+00,-77.88945E-03
+8.00380000E+00,-97.98995E-03
+8.00382500E+00,-80.40201E-03
+8.00385000E+00,-116.83417E-03
+8.00387500E+00,-97.98995E-03
+8.00390000E+00,-80.40201E-03
+8.00392500E+00,-101.75879E-03
+8.00395000E+00,-116.83417E-03
+8.00397500E+00,-81.65829E-03
+8.00400000E+00,-100.50251E-03
+8.00402500E+00,-81.65829E-03
+8.00405000E+00,-97.98995E-03
+8.00407500E+00,-81.65829E-03
+8.00410000E+00,-77.88945E-03
+8.00412500E+00,-80.40201E-03
+8.00415000E+00,-77.88945E-03
+8.00417500E+00,-77.88945E-03
+8.00420000E+00,-80.40201E-03
+8.00422500E+00,-60.30151E-03
+8.00425000E+00,-57.78894E-03
+8.00427500E+00,-60.30151E-03
+8.00430000E+00,-41.45729E-03
+8.00432500E+00,-40.20100E-03
+8.00435000E+00,-41.45729E-03
+8.00437500E+00,-40.20100E-03
+8.00440000E+00,-40.20100E-03
+8.00442500E+00,-37.68844E-03
+8.00445000E+00,-1.25628E-03
+8.00447500E+00,+0.0E+00
+8.00450000E+00,-1.25628E-03
+8.00452500E+00,-21.35678E-03
+8.00455000E+00,+0.0E+00
+8.00457500E+00,+0.0E+00
+8.00460000E+00,+0.0E+00
+8.00462500E+00,+20.10050E-03
+8.00465000E+00,-1.25628E-03
+8.00467500E+00,+0.0E+00
+8.00470000E+00,+20.10050E-03
+8.00472500E+00,+17.58794E-03
+8.00475000E+00,+20.10050E-03
+8.00477500E+00,+20.10050E-03
+8.00480000E+00,+20.10050E-03
+8.00482500E+00,+37.68844E-03
+8.00485000E+00,+1.25628E-03
+8.00487500E+00,+1.25628E-03
+8.00490000E+00,+1.25628E-03
+8.00492500E+00,+17.58794E-03
+8.00495000E+00,+1.25628E-03
+8.00497500E+00,+1.25628E-03
+8.00500000E+00,+0.0E+00
+8.00502500E+00,+1.25628E-03
+8.00505000E+00,-1.25628E-03
+8.00507500E+00,-20.10050E-03
+8.00510000E+00,-20.10050E-03
+8.00512500E+00,-37.68844E-03
+8.00515000E+00,-17.58794E-03
+8.00517500E+00,-37.68844E-03
+8.00520000E+00,-20.10050E-03
+8.00522500E+00,-37.68844E-03
+8.00525000E+00,-40.20100E-03
+8.00527500E+00,-40.20100E-03
+8.00530000E+00,-40.20100E-03
+8.00532500E+00,-57.78894E-03
+8.00535000E+00,-37.68844E-03
+8.00537500E+00,-60.30151E-03
+8.00540000E+00,-57.78894E-03
+8.00542500E+00,-41.45729E-03
+8.00545000E+00,-60.30151E-03
+8.00547500E+00,-77.88945E-03
+8.00550000E+00,-57.78894E-03
+8.00552500E+00,-61.55779E-03
+8.00555000E+00,-76.63317E-03
+8.00557500E+00,-41.45729E-03
+8.00560000E+00,-77.88945E-03
+8.00562500E+00,-60.30151E-03
+8.00565000E+00,-77.88945E-03
+8.00567500E+00,-77.88945E-03
+8.00570000E+00,-80.40201E-03
+8.00572500E+00,-61.55779E-03
+8.00575000E+00,-60.30151E-03
+8.00577500E+00,-60.30151E-03
+8.00580000E+00,-57.78894E-03
+8.00582500E+00,-60.30151E-03
+8.00585000E+00,-41.45729E-03
+8.00587500E+00,-60.30151E-03
+8.00590000E+00,-60.30151E-03
+8.00592500E+00,-41.45729E-03
+8.00595000E+00,-76.63317E-03
+8.00597500E+00,-40.20100E-03
+8.00600000E+00,-40.20100E-03
+8.00602500E+00,-21.35678E-03
+8.00605000E+00,-37.68844E-03
+8.00607500E+00,-37.68844E-03
+8.00610000E+00,-20.10050E-03
+8.00612500E+00,-37.68844E-03
+8.00615000E+00,-36.43216E-03
+8.00617500E+00,-1.25628E-03
+8.00620000E+00,-2.51256E-03
+8.00622500E+00,-1.25628E-03
+8.00625000E+00,-17.58794E-03
+8.00627500E+00,-17.58794E-03
+8.00630000E+00,+0.0E+00
+8.00632500E+00,-1.25628E-03
+8.00635000E+00,-20.10050E-03
+8.00637500E+00,-1.25628E-03
+8.00640000E+00,-1.25628E-03
+8.00642500E+00,-1.25628E-03
+8.00645000E+00,-1.25628E-03
+8.00647500E+00,+0.0E+00
+8.00650000E+00,-1.25628E-03
+8.00652500E+00,-20.10050E-03
+8.00655000E+00,-17.58794E-03
+8.00657500E+00,-17.58794E-03
+8.00660000E+00,-20.10050E-03
+8.00662500E+00,-17.58794E-03
+8.00665000E+00,+0.0E+00
+8.00667500E+00,-1.25628E-03
+8.00670000E+00,+0.0E+00
+8.00672500E+00,-20.10050E-03
+8.00675000E+00,-20.10050E-03
+8.00677500E+00,-2.51256E-03
+8.00680000E+00,-20.10050E-03
+8.00682500E+00,-17.58794E-03
+8.00685000E+00,-20.10050E-03
+8.00687500E+00,-37.68844E-03
+8.00690000E+00,-37.68844E-03
+8.00692500E+00,-20.10050E-03
+8.00695000E+00,-40.20100E-03
+8.00697500E+00,-40.20100E-03
+8.00700000E+00,-55.27638E-03
+8.00702500E+00,-40.20100E-03
+8.00705000E+00,-60.30151E-03
+8.00707500E+00,-41.45729E-03
+8.00710000E+00,-57.78894E-03
+8.00712500E+00,-40.20100E-03
+8.00715000E+00,-57.78894E-03
+8.00717500E+00,-57.78894E-03
+8.00720000E+00,-41.45729E-03
+8.00722500E+00,-60.30151E-03
+8.00725000E+00,-57.78894E-03
+8.00727500E+00,-60.30151E-03
+8.00730000E+00,-37.68844E-03
+8.00732500E+00,-40.20100E-03
+8.00735000E+00,-57.78894E-03
+8.00737500E+00,-40.20100E-03
+8.00740000E+00,-40.20100E-03
+8.00742500E+00,-41.45729E-03
+8.00745000E+00,-60.30151E-03
+8.00747500E+00,-76.63317E-03
+8.00750000E+00,-41.45729E-03
+8.00752500E+00,-40.20100E-03
+8.00755000E+00,-60.30151E-03
+8.00757500E+00,-41.45729E-03
+8.00760000E+00,-41.45729E-03
+8.00762500E+00,-41.45729E-03
+8.00765000E+00,-40.20100E-03
+8.00767500E+00,-40.20100E-03
+8.00770000E+00,-40.20100E-03
+8.00772500E+00,-40.20100E-03
+8.00775000E+00,-21.35678E-03
+8.00777500E+00,-40.20100E-03
+8.00780000E+00,-20.10050E-03
+8.00782500E+00,-21.35678E-03
+8.00785000E+00,-40.20100E-03
+8.00787500E+00,-37.68844E-03
+8.00790000E+00,-56.53266E-03
+8.00792500E+00,-21.35678E-03
+8.00795000E+00,-20.10050E-03
+8.00797500E+00,-17.58794E-03
+8.00800000E+00,-1.25628E-03
+8.00802500E+00,-21.35678E-03
+8.00805000E+00,-2.51256E-03
+8.00807500E+00,+0.0E+00
+8.00810000E+00,-37.68844E-03
+8.00812500E+00,-20.10050E-03
+8.00815000E+00,-21.35678E-03
+8.00817500E+00,-20.10050E-03
+8.00820000E+00,-20.10050E-03
+8.00822500E+00,-20.10050E-03
+8.00825000E+00,-17.58794E-03
+8.00827500E+00,-20.10050E-03
+8.00830000E+00,-20.10050E-03
+8.00832500E+00,+0.0E+00
+8.00835000E+00,-17.58794E-03
+8.00837500E+00,-1.25628E-03
+8.00840000E+00,-21.35678E-03
+8.00842500E+00,-20.10050E-03
+8.00845000E+00,-1.25628E-03
+8.00847500E+00,-20.10050E-03
+8.00850000E+00,-20.10050E-03
+8.00852500E+00,-21.35678E-03
+8.00855000E+00,-20.10050E-03
+8.00857500E+00,+0.0E+00
+8.00860000E+00,-40.20100E-03
+8.00862500E+00,-21.35678E-03
+8.00865000E+00,-20.10050E-03
+8.00867500E+00,-40.20100E-03
+8.00870000E+00,-21.35678E-03
+8.00872500E+00,-37.68844E-03
+8.00875000E+00,-40.20100E-03
+8.00877500E+00,-57.78894E-03
+8.00880000E+00,-56.53266E-03
+8.00882500E+00,-57.78894E-03
+8.00885000E+00,-41.45729E-03
+8.00887500E+00,-37.68844E-03
+8.00890000E+00,-60.30151E-03
+8.00892500E+00,-57.78894E-03
+8.00895000E+00,-41.45729E-03
+8.00897500E+00,-40.20100E-03
+8.00900000E+00,-60.30151E-03
+8.00902500E+00,-41.45729E-03
+8.00905000E+00,-77.88945E-03
+8.00907500E+00,-60.30151E-03
+8.00910000E+00,-57.78894E-03
+8.00912500E+00,-41.45729E-03
+8.00915000E+00,-41.45729E-03
+8.00917500E+00,-40.20100E-03
+8.00920000E+00,-60.30151E-03
+8.00922500E+00,-40.20100E-03
+8.00925000E+00,-40.20100E-03
+8.00927500E+00,-40.20100E-03
+8.00930000E+00,-41.45729E-03
+8.00932500E+00,-40.20100E-03
+8.00935000E+00,-41.45729E-03
+8.00937500E+00,-40.20100E-03
+8.00940000E+00,-40.20100E-03
+8.00942500E+00,-21.35678E-03
+8.00945000E+00,-40.20100E-03
+8.00947500E+00,-40.20100E-03
+8.00950000E+00,-40.20100E-03
+8.00952500E+00,-41.45729E-03
+8.00955000E+00,-40.20100E-03
+8.00957500E+00,-40.20100E-03
+8.00960000E+00,-20.10050E-03
+8.00962500E+00,-20.10050E-03
+8.00965000E+00,-21.35678E-03
+8.00967500E+00,-20.10050E-03
+8.00970000E+00,-20.10050E-03
+8.00972500E+00,-21.35678E-03
+8.00975000E+00,-37.68844E-03
+8.00977500E+00,-20.10050E-03
+8.00980000E+00,+0.0E+00
+8.00982500E+00,-20.10050E-03
+8.00985000E+00,-21.35678E-03
+8.00987500E+00,+0.0E+00
+8.00990000E+00,-1.25628E-03
+8.00992500E+00,-1.25628E-03
+8.00995000E+00,-20.10050E-03
+8.00997500E+00,-20.10050E-03
+8.01000000E+00,-40.20100E-03
+8.01002500E+00,+0.0E+00
+8.01005000E+00,-1.25628E-03
+8.01007500E+00,-17.58794E-03
+8.01010000E+00,-21.35678E-03
+8.01012500E+00,-2.51256E-03
+8.01015000E+00,-1.25628E-03
+8.01017500E+00,-20.10050E-03
+8.01020000E+00,-20.10050E-03
+8.01022500E+00,-37.68844E-03
+8.01025000E+00,-37.68844E-03
+8.01027500E+00,-20.10050E-03
+8.01030000E+00,-57.78894E-03
+8.01032500E+00,-20.10050E-03
+8.01035000E+00,-40.20100E-03
+8.01037500E+00,-21.35678E-03
+8.01040000E+00,-21.35678E-03
+8.01042500E+00,-40.20100E-03
+8.01045000E+00,-56.53266E-03
+8.01047500E+00,-41.45729E-03
+8.01050000E+00,-40.20100E-03
+8.01052500E+00,-40.20100E-03
+8.01055000E+00,-57.78894E-03
+8.01057500E+00,-40.20100E-03
+8.01060000E+00,-40.20100E-03
+8.01062500E+00,-76.63317E-03
+8.01065000E+00,-21.35678E-03
+8.01067500E+00,-56.53266E-03
+8.01070000E+00,-22.61307E-03
+8.01072500E+00,-41.45729E-03
+8.01075000E+00,-60.30151E-03
+8.01077500E+00,-76.63317E-03
+8.01080000E+00,-57.78894E-03
+8.01082500E+00,-60.30151E-03
+8.01085000E+00,-37.68844E-03
+8.01087500E+00,-40.20100E-03
+8.01090000E+00,-40.20100E-03
+8.01092500E+00,-21.35678E-03
+8.01095000E+00,-57.78894E-03
+8.01097500E+00,-57.78894E-03
+8.01100000E+00,-21.35678E-03
+8.01102500E+00,-40.20100E-03
+8.01105000E+00,-21.35678E-03
+8.01107500E+00,-40.20100E-03
+8.01110000E+00,-40.20100E-03
+8.01112500E+00,-37.68844E-03
+8.01115000E+00,-21.35678E-03
+8.01117500E+00,-40.20100E-03
+8.01120000E+00,-40.20100E-03
+8.01122500E+00,-21.35678E-03
+8.01125000E+00,-2.51256E-03
+8.01127500E+00,-21.35678E-03
+8.01130000E+00,-21.35678E-03
+8.01132500E+00,-37.68844E-03
+8.01135000E+00,-37.68844E-03
+8.01137500E+00,-36.43216E-03
+8.01140000E+00,-37.68844E-03
+8.01142500E+00,-40.20100E-03
+8.01145000E+00,-36.43216E-03
+8.01147500E+00,-20.10050E-03
+8.01150000E+00,-17.58794E-03
+8.01152500E+00,-21.35678E-03
+8.01155000E+00,-21.35678E-03
+8.01157500E+00,-40.20100E-03
+8.01160000E+00,-37.68844E-03
+8.01162500E+00,-40.20100E-03
+8.01165000E+00,-20.10050E-03
+8.01167500E+00,-22.61307E-03
+8.01170000E+00,-20.10050E-03
+8.01172500E+00,-21.35678E-03
+8.01175000E+00,-20.10050E-03
+8.01177500E+00,-20.10050E-03
+8.01180000E+00,-21.35678E-03
+8.01182500E+00,-37.68844E-03
+8.01185000E+00,-17.58794E-03
+8.01187500E+00,-37.68844E-03
+8.01190000E+00,-20.10050E-03
+8.01192500E+00,-21.35678E-03
+8.01195000E+00,-21.35678E-03
+8.01197500E+00,-40.20100E-03
+8.01200000E+00,-20.10050E-03
+8.01202500E+00,-37.68844E-03
+8.01205000E+00,-20.10050E-03
+8.01207500E+00,-21.35678E-03
+8.01210000E+00,-21.35678E-03
+8.01212500E+00,-40.20100E-03
+8.01215000E+00,-40.20100E-03
+8.01217500E+00,-40.20100E-03
+8.01220000E+00,-40.20100E-03
+8.01222500E+00,-40.20100E-03
+8.01225000E+00,-40.20100E-03
+8.01227500E+00,-21.35678E-03
+8.01230000E+00,-21.35678E-03
+8.01232500E+00,-40.20100E-03
+8.01235000E+00,-40.20100E-03
+8.01237500E+00,-21.35678E-03
+8.01240000E+00,-57.78894E-03
+8.01242500E+00,-21.35678E-03
+8.01245000E+00,-21.35678E-03
+8.01247500E+00,-20.10050E-03
+8.01250000E+00,-37.68844E-03
+8.01252500E+00,-37.68844E-03
+8.01255000E+00,-37.68844E-03
+8.01257500E+00,-40.20100E-03
+8.01260000E+00,-56.53266E-03
+8.01262500E+00,-37.68844E-03
+8.01265000E+00,-40.20100E-03
+8.01267500E+00,-41.45729E-03
+8.01270000E+00,-20.10050E-03
+8.01272500E+00,-40.20100E-03
+8.01275000E+00,-21.35678E-03
+8.01277500E+00,-56.53266E-03
+8.01280000E+00,-40.20100E-03
+8.01282500E+00,-40.20100E-03
+8.01285000E+00,-57.78894E-03
+8.01287500E+00,-37.68844E-03
+8.01290000E+00,-21.35678E-03
+8.01292500E+00,-20.10050E-03
+8.01295000E+00,-17.58794E-03
+8.01297500E+00,-21.35678E-03
+8.01300000E+00,-20.10050E-03
+8.01302500E+00,-21.35678E-03
+8.01305000E+00,-20.10050E-03
+8.01307500E+00,-21.35678E-03
+8.01310000E+00,-40.20100E-03
+8.01312500E+00,-20.10050E-03
+8.01315000E+00,-20.10050E-03
+8.01317500E+00,-22.61307E-03
+8.01320000E+00,-40.20100E-03
+8.01322500E+00,-20.10050E-03
+8.01325000E+00,-17.58794E-03
+8.01327500E+00,+0.0E+00
+8.01330000E+00,-40.20100E-03
+8.01332500E+00,-41.45729E-03
+8.01335000E+00,-20.10050E-03
+8.01337500E+00,-17.58794E-03
+8.01340000E+00,-2.51256E-03
+8.01342500E+00,-21.35678E-03
+8.01345000E+00,-20.10050E-03
+8.01347500E+00,-20.10050E-03
+8.01350000E+00,-40.20100E-03
+8.01352500E+00,-21.35678E-03
+8.01355000E+00,-21.35678E-03
+8.01357500E+00,-40.20100E-03
+8.01360000E+00,-40.20100E-03
+8.01362500E+00,-20.10050E-03
+8.01365000E+00,-20.10050E-03
+8.01367500E+00,-21.35678E-03
+8.01370000E+00,-22.61307E-03
+8.01372500E+00,-20.10050E-03
+8.01375000E+00,-20.10050E-03
+8.01377500E+00,-40.20100E-03
+8.01380000E+00,-40.20100E-03
+8.01382500E+00,-37.68844E-03
+8.01385000E+00,-40.20100E-03
+8.01387500E+00,-40.20100E-03
+8.01390000E+00,-40.20100E-03
+8.01392500E+00,-37.68844E-03
+8.01395000E+00,-37.68844E-03
+8.01397500E+00,-40.20100E-03
+8.01400000E+00,-21.35678E-03
+8.01402500E+00,-40.20100E-03
+8.01405000E+00,-22.61307E-03
+8.01407500E+00,-40.20100E-03
+8.01410000E+00,-40.20100E-03
+8.01412500E+00,-37.68844E-03
+8.01415000E+00,-40.20100E-03
+8.01417500E+00,-57.78894E-03
+8.01420000E+00,-37.68844E-03
+8.01422500E+00,-20.10050E-03
+8.01425000E+00,-40.20100E-03
+8.01427500E+00,-40.20100E-03
+8.01430000E+00,-21.35678E-03
+8.01432500E+00,-60.30151E-03
+8.01435000E+00,-37.68844E-03
+8.01437500E+00,-21.35678E-03
+8.01440000E+00,-40.20100E-03
+8.01442500E+00,-21.35678E-03
+8.01445000E+00,-56.53266E-03
+8.01447500E+00,-40.20100E-03
+8.01450000E+00,-20.10050E-03
+8.01452500E+00,-20.10050E-03
+8.01455000E+00,-21.35678E-03
+8.01457500E+00,-21.35678E-03
+8.01460000E+00,-40.20100E-03
+8.01462500E+00,-21.35678E-03
+8.01465000E+00,-21.35678E-03
+8.01467500E+00,-20.10050E-03
+8.01470000E+00,-40.20100E-03
+8.01472500E+00,-20.10050E-03
+8.01475000E+00,-40.20100E-03
+8.01477500E+00,-37.68844E-03
+8.01480000E+00,-20.10050E-03
+8.01482500E+00,-20.10050E-03
+8.01485000E+00,-21.35678E-03
+8.01487500E+00,-37.68844E-03
+8.01490000E+00,-1.25628E-03
+8.01492500E+00,-37.68844E-03
+8.01495000E+00,-21.35678E-03
+8.01497500E+00,-20.10050E-03
+8.01500000E+00,-20.10050E-03
+8.01502500E+00,-21.35678E-03
+8.01505000E+00,-21.35678E-03
+8.01507500E+00,-20.10050E-03
+8.01510000E+00,-21.35678E-03
+8.01512500E+00,-20.10050E-03
+8.01515000E+00,-17.58794E-03
+8.01517500E+00,-20.10050E-03
+8.01520000E+00,-36.43216E-03
+8.01522500E+00,-3.76884E-03
+8.01525000E+00,-21.35678E-03
+8.01527500E+00,-37.68844E-03
+8.01530000E+00,-40.20100E-03
+8.01532500E+00,-37.68844E-03
+8.01535000E+00,-21.35678E-03
+8.01537500E+00,-57.78894E-03
+8.01540000E+00,-57.78894E-03
+8.01542500E+00,-21.35678E-03
+8.01545000E+00,-37.68844E-03
+8.01547500E+00,-40.20100E-03
+8.01550000E+00,-21.35678E-03
+8.01552500E+00,-21.35678E-03
+8.01555000E+00,-57.78894E-03
+8.01557500E+00,-21.35678E-03
+8.01560000E+00,-56.53266E-03
+8.01562500E+00,-41.45729E-03
+8.01565000E+00,-40.20100E-03
+8.01567500E+00,-57.78894E-03
+8.01570000E+00,-40.20100E-03
+8.01572500E+00,-40.20100E-03
+8.01575000E+00,-41.45729E-03
+8.01577500E+00,-40.20100E-03
+8.01580000E+00,-57.78894E-03
+8.01582500E+00,-20.10050E-03
+8.01585000E+00,-37.68844E-03
+8.01587500E+00,-57.78894E-03
+8.01590000E+00,-57.78894E-03
+8.01592500E+00,-40.20100E-03
+8.01595000E+00,-40.20100E-03
+8.01597500E+00,-40.20100E-03
+8.01600000E+00,-40.20100E-03
+8.01602500E+00,-37.68844E-03
+8.01605000E+00,-21.35678E-03
+8.01607500E+00,-56.53266E-03
+8.01610000E+00,-1.25628E-03
+8.01612500E+00,-40.20100E-03
+8.01615000E+00,-40.20100E-03
+8.01617500E+00,-37.68844E-03
+8.01620000E+00,-20.10050E-03
+8.01622500E+00,-40.20100E-03
+8.01625000E+00,-21.35678E-03
+8.01627500E+00,-20.10050E-03
+8.01630000E+00,-20.10050E-03
+8.01632500E+00,-21.35678E-03
+8.01635000E+00,-40.20100E-03
+8.01637500E+00,-20.10050E-03
+8.01640000E+00,-37.68844E-03
+8.01642500E+00,-20.10050E-03
+8.01645000E+00,-20.10050E-03
+8.01647500E+00,-20.10050E-03
+8.01650000E+00,-40.20100E-03
+8.01652500E+00,-20.10050E-03
+8.01655000E+00,-20.10050E-03
+8.01657500E+00,-21.35678E-03
+8.01660000E+00,-20.10050E-03
+8.01662500E+00,-40.20100E-03
+8.01665000E+00,-20.10050E-03
+8.01667500E+00,-20.10050E-03
+8.01670000E+00,-40.20100E-03
+8.01672500E+00,-21.35678E-03
+8.01675000E+00,-37.68844E-03
+8.01677500E+00,-40.20100E-03
+8.01680000E+00,-21.35678E-03
+8.01682500E+00,-21.35678E-03
+8.01685000E+00,-21.35678E-03
+8.01687500E+00,-20.10050E-03
+8.01690000E+00,-21.35678E-03
+8.01692500E+00,-60.30151E-03
+8.01695000E+00,-40.20100E-03
+8.01697500E+00,-20.10050E-03
+8.01700000E+00,-21.35678E-03
+8.01702500E+00,-37.68844E-03
+8.01705000E+00,-37.68844E-03
+8.01707500E+00,-37.68844E-03
+8.01710000E+00,-2.51256E-03
+8.01712500E+00,-21.35678E-03
+8.01715000E+00,-1.25628E-03
+8.01717500E+00,-40.20100E-03
+8.01720000E+00,-40.20100E-03
+8.01722500E+00,-37.68844E-03
+8.01725000E+00,-57.78894E-03
+8.01727500E+00,-40.20100E-03
+8.01730000E+00,-57.78894E-03
+8.01732500E+00,-21.35678E-03
+8.01735000E+00,-40.20100E-03
+8.01737500E+00,-37.68844E-03
+8.01740000E+00,-40.20100E-03
+8.01742500E+00,-20.10050E-03
+8.01745000E+00,-57.78894E-03
+8.01747500E+00,-40.20100E-03
+8.01750000E+00,-40.20100E-03
+8.01752500E+00,-20.10050E-03
+8.01755000E+00,-40.20100E-03
+8.01757500E+00,-37.68844E-03
+8.01760000E+00,-21.35678E-03
+8.01762500E+00,-20.10050E-03
+8.01765000E+00,-21.35678E-03
+8.01767500E+00,-21.35678E-03
+8.01770000E+00,-40.20100E-03
+8.01772500E+00,-20.10050E-03
+8.01775000E+00,-21.35678E-03
+8.01777500E+00,-20.10050E-03
+8.01780000E+00,-40.20100E-03
+8.01782500E+00,-20.10050E-03
+8.01785000E+00,-20.10050E-03
+8.01787500E+00,-21.35678E-03
+8.01790000E+00,-20.10050E-03
+8.01792500E+00,-37.68844E-03
+8.01795000E+00,-21.35678E-03
+8.01797500E+00,-20.10050E-03
+8.01800000E+00,-37.68844E-03
+8.01802500E+00,-37.68844E-03
+8.01805000E+00,-20.10050E-03
+8.01807500E+00,-21.35678E-03
+8.01810000E+00,-21.35678E-03
+8.01812500E+00,-40.20100E-03
+8.01815000E+00,-20.10050E-03
+8.01817500E+00,-41.45729E-03
+8.01820000E+00,-20.10050E-03
+8.01822500E+00,-21.35678E-03
+8.01825000E+00,-37.68844E-03
+8.01827500E+00,-37.68844E-03
+8.01830000E+00,-37.68844E-03
+8.01832500E+00,-20.10050E-03
+8.01835000E+00,-20.10050E-03
+8.01837500E+00,-21.35678E-03
+8.01840000E+00,-20.10050E-03
+8.01842500E+00,-20.10050E-03
+8.01845000E+00,-21.35678E-03
+8.01847500E+00,-40.20100E-03
+8.01850000E+00,-57.78894E-03
+8.01852500E+00,-40.20100E-03
+8.01855000E+00,-40.20100E-03
+8.01857500E+00,-40.20100E-03
+8.01860000E+00,-74.12060E-03
+8.01862500E+00,-20.10050E-03
+8.01865000E+00,-22.61307E-03
+8.01867500E+00,-21.35678E-03
+8.01870000E+00,-40.20100E-03
+8.01872500E+00,-57.78894E-03
+8.01875000E+00,-40.20100E-03
+8.01877500E+00,-20.10050E-03
+8.01880000E+00,-60.30151E-03
+8.01882500E+00,-40.20100E-03
+8.01885000E+00,-22.61307E-03
+8.01887500E+00,-37.68844E-03
+8.01890000E+00,-37.68844E-03
+8.01892500E+00,-40.20100E-03
+8.01895000E+00,-40.20100E-03
+8.01897500E+00,-37.68844E-03
+8.01900000E+00,-57.78894E-03
+8.01902500E+00,-40.20100E-03
+8.01905000E+00,-21.35678E-03
+8.01907500E+00,-60.30151E-03
+8.01910000E+00,-41.45729E-03
+8.01912500E+00,-21.35678E-03
+8.01915000E+00,-20.10050E-03
+8.01917500E+00,-40.20100E-03
+8.01920000E+00,-37.68844E-03
+8.01922500E+00,-57.78894E-03
+8.01925000E+00,-17.58794E-03
+8.01927500E+00,-37.68844E-03
+8.01930000E+00,-21.35678E-03
+8.01932500E+00,-20.10050E-03
+8.01935000E+00,-2.51256E-03
+8.01937500E+00,-40.20100E-03
+8.01940000E+00,-20.10050E-03
+8.01942500E+00,-60.30151E-03
+8.01945000E+00,-20.10050E-03
+8.01947500E+00,-40.20100E-03
+8.01950000E+00,-40.20100E-03
+8.01952500E+00,-37.68844E-03
+8.01955000E+00,-21.35678E-03
+8.01957500E+00,-1.25628E-03
+8.01960000E+00,-20.10050E-03
+8.01962500E+00,-37.68844E-03
+8.01965000E+00,-21.35678E-03
+8.01967500E+00,-40.20100E-03
+8.01970000E+00,-40.20100E-03
+8.01972500E+00,-20.10050E-03
+8.01975000E+00,-37.68844E-03
+8.01977500E+00,-20.10050E-03
+8.01980000E+00,-20.10050E-03
+8.01982500E+00,-40.20100E-03
+8.01985000E+00,-20.10050E-03
+8.01987500E+00,-40.20100E-03
+8.01990000E+00,-40.20100E-03
+8.01992500E+00,-37.68844E-03
+8.01995000E+00,-37.68844E-03
+8.01997500E+00,-20.10050E-03
+8.02000000E+00,-40.20100E-03
+8.02002500E+00,-40.20100E-03
+8.02005000E+00,-37.68844E-03
+8.02007500E+00,-40.20100E-03
+8.02010000E+00,-37.68844E-03
+8.02012500E+00,-37.68844E-03
+8.02015000E+00,-37.68844E-03
+8.02017500E+00,-20.10050E-03
+8.02020000E+00,-20.10050E-03
+8.02022500E+00,-40.20100E-03
+8.02025000E+00,-37.68844E-03
+8.02027500E+00,-37.68844E-03
+8.02030000E+00,-40.20100E-03
+8.02032500E+00,-37.68844E-03
+8.02035000E+00,-21.35678E-03
+8.02037500E+00,-37.68844E-03
+8.02040000E+00,-20.10050E-03
+8.02042500E+00,-17.58794E-03
+8.02045000E+00,-20.10050E-03
+8.02047500E+00,-40.20100E-03
+8.02050000E+00,-36.43216E-03
+8.02052500E+00,-21.35678E-03
+8.02055000E+00,-20.10050E-03
+8.02057500E+00,-37.68844E-03
+8.02060000E+00,-20.10050E-03
+8.02062500E+00,-37.68844E-03
+8.02065000E+00,-40.20100E-03
+8.02067500E+00,-21.35678E-03
+8.02070000E+00,-20.10050E-03
+8.02072500E+00,-20.10050E-03
+8.02075000E+00,-20.10050E-03
+8.02077500E+00,-37.68844E-03
+8.02080000E+00,-37.68844E-03
+8.02082500E+00,-22.61307E-03
+8.02085000E+00,-37.68844E-03
+8.02087500E+00,-40.20100E-03
+8.02090000E+00,-41.45729E-03
+8.02092500E+00,-40.20100E-03
+8.02095000E+00,-40.20100E-03
+8.02097500E+00,-41.45729E-03
+8.02100000E+00,-40.20100E-03
+8.02102500E+00,-21.35678E-03
+8.02105000E+00,-20.10050E-03
+8.02107500E+00,-56.53266E-03
+8.02110000E+00,-21.35678E-03
+8.02112500E+00,-21.35678E-03
+8.02115000E+00,-40.20100E-03
+8.02117500E+00,-37.68844E-03
+8.02120000E+00,-21.35678E-03
+8.02122500E+00,-21.35678E-03
+8.02125000E+00,-56.53266E-03
+8.02127500E+00,-20.10050E-03
+8.02130000E+00,-21.35678E-03
+8.02132500E+00,-56.53266E-03
+8.02135000E+00,-21.35678E-03
+8.02137500E+00,-20.10050E-03
+8.02140000E+00,-20.10050E-03
+8.02142500E+00,-2.51256E-03
+8.02145000E+00,-56.53266E-03
+8.02147500E+00,-40.20100E-03
+8.02150000E+00,-41.45729E-03
+8.02152500E+00,-20.10050E-03
+8.02155000E+00,-17.58794E-03
+8.02157500E+00,-20.10050E-03
+8.02160000E+00,-20.10050E-03
+8.02162500E+00,-20.10050E-03
+8.02165000E+00,-21.35678E-03
+8.02167500E+00,-40.20100E-03
+8.02170000E+00,-20.10050E-03
+8.02172500E+00,-21.35678E-03
+8.02175000E+00,-40.20100E-03
+8.02177500E+00,-37.68844E-03
+8.02180000E+00,-21.35678E-03
+8.02182500E+00,-22.61307E-03
+8.02185000E+00,-20.10050E-03
+8.02187500E+00,-20.10050E-03
+8.02190000E+00,-41.45729E-03
+8.02192500E+00,-20.10050E-03
+8.02195000E+00,-21.35678E-03
+8.02197500E+00,-41.45729E-03
+8.02200000E+00,-40.20100E-03
+8.02202500E+00,-41.45729E-03
+8.02205000E+00,-57.78894E-03
+8.02207500E+00,-21.35678E-03
+8.02210000E+00,-40.20100E-03
+8.02212500E+00,-20.10050E-03
+8.02215000E+00,-21.35678E-03
+8.02217500E+00,-37.68844E-03
+8.02220000E+00,-56.53266E-03
+8.02222500E+00,-21.35678E-03
+8.02225000E+00,-40.20100E-03
+8.02227500E+00,-21.35678E-03
+8.02230000E+00,-40.20100E-03
+8.02232500E+00,-57.78894E-03
+8.02235000E+00,-40.20100E-03
+8.02237500E+00,-40.20100E-03
+8.02240000E+00,-40.20100E-03
+8.02242500E+00,-40.20100E-03
+8.02245000E+00,-40.20100E-03
+8.02247500E+00,-40.20100E-03
+8.02250000E+00,-40.20100E-03
+8.02252500E+00,-40.20100E-03
+8.02255000E+00,-57.78894E-03
+8.02257500E+00,-21.35678E-03
+8.02260000E+00,-40.20100E-03
+8.02262500E+00,-37.68844E-03
+8.02265000E+00,-37.68844E-03
+8.02267500E+00,-20.10050E-03
+8.02270000E+00,-21.35678E-03
+8.02272500E+00,-60.30151E-03
+8.02275000E+00,-21.35678E-03
+8.02277500E+00,-21.35678E-03
+8.02280000E+00,-37.68844E-03
+8.02282500E+00,-21.35678E-03
+8.02285000E+00,-37.68844E-03
+8.02287500E+00,-17.58794E-03
+8.02290000E+00,-37.68844E-03
+8.02292500E+00,-21.35678E-03
+8.02295000E+00,-40.20100E-03
+8.02297500E+00,-20.10050E-03
+8.02300000E+00,-40.20100E-03
+8.02302500E+00,-20.10050E-03
+8.02305000E+00,-36.43216E-03
+8.02307500E+00,-21.35678E-03
+8.02310000E+00,-17.58794E-03
+8.02312500E+00,-22.61307E-03
+8.02315000E+00,-21.35678E-03
+8.02317500E+00,-20.10050E-03
+8.02320000E+00,-20.10050E-03
+8.02322500E+00,-20.10050E-03
+8.02325000E+00,-37.68844E-03
+8.02327500E+00,+0.0E+00
+8.02330000E+00,-36.43216E-03
+8.02332500E+00,-37.68844E-03
+8.02335000E+00,-21.35678E-03
+8.02337500E+00,-40.20100E-03
+8.02340000E+00,-40.20100E-03
+8.02342500E+00,-57.78894E-03
+8.02345000E+00,-20.10050E-03
+8.02347500E+00,-20.10050E-03
+8.02350000E+00,-21.35678E-03
+8.02352500E+00,-20.10050E-03
+8.02355000E+00,-40.20100E-03
+8.02357500E+00,-37.68844E-03
+8.02360000E+00,-40.20100E-03
+8.02362500E+00,-57.78894E-03
+8.02365000E+00,-37.68844E-03
+8.02367500E+00,-20.10050E-03
+8.02370000E+00,-40.20100E-03
+8.02372500E+00,-40.20100E-03
+8.02375000E+00,-40.20100E-03
+8.02377500E+00,-20.10050E-03
+8.02380000E+00,-37.68844E-03
+8.02382500E+00,-40.20100E-03
+8.02385000E+00,-37.68844E-03
+8.02387500E+00,-21.35678E-03
+8.02390000E+00,-21.35678E-03
+8.02392500E+00,-21.35678E-03
+8.02395000E+00,-21.35678E-03
+8.02397500E+00,-40.20100E-03
+8.02400000E+00,-41.45729E-03
+8.02402500E+00,-40.20100E-03
+8.02405000E+00,-40.20100E-03
+8.02407500E+00,-56.53266E-03
+8.02410000E+00,-40.20100E-03
+8.02412500E+00,-37.68844E-03
+8.02415000E+00,-37.68844E-03
+8.02417500E+00,-20.10050E-03
+8.02420000E+00,-37.68844E-03
+8.02422500E+00,-1.25628E-03
+8.02425000E+00,-20.10050E-03
+8.02427500E+00,-37.68844E-03
+8.02430000E+00,-20.10050E-03
+8.02432500E+00,-37.68844E-03
+8.02435000E+00,-21.35678E-03
+8.02437500E+00,-20.10050E-03
+8.02440000E+00,-37.68844E-03
+8.02442500E+00,-40.20100E-03
+8.02445000E+00,-40.20100E-03
+8.02447500E+00,-20.10050E-03
+8.02450000E+00,-20.10050E-03
+8.02452500E+00,-36.43216E-03
+8.02455000E+00,-21.35678E-03
+8.02457500E+00,-20.10050E-03
+8.02460000E+00,-40.20100E-03
+8.02462500E+00,-20.10050E-03
+8.02465000E+00,-40.20100E-03
+8.02467500E+00,-21.35678E-03
+8.02470000E+00,-20.10050E-03
+8.02472500E+00,-37.68844E-03
+8.02475000E+00,-37.68844E-03
+8.02477500E+00,-37.68844E-03
+8.02480000E+00,-21.35678E-03
+8.02482500E+00,-20.10050E-03
+8.02485000E+00,-40.20100E-03
+8.02487500E+00,-40.20100E-03
+8.02490000E+00,-37.68844E-03
+8.02492500E+00,-36.43216E-03
+8.02495000E+00,-20.10050E-03
+8.02497500E+00,-20.10050E-03
